{
    "name"              : "[COLORgreen]FilmPalast[/COLOR]",
	"plugin" 			: "plugin.video.xstream",
	"priority"          : 200,
	"language"          : "de",
	"is_resolvable"     : "true",
	"assert"            :{
							"play_movie":       ["title", "year"],
							"play_episode":     ["showname", "season", "episode"],
							"search_movie":     ["title"],
							"search_episode":   ["showname"]  
						},
	"fallback"			:{
							"play_episode": "xstream_global.json play_episode"
						},
	"play_episode"      :[
							"plugin://plugin.video.xstream/?function=showSearch&amp;params=0&amp;site=filmpalast_to&amp;title=Suche&searchterm={showname}",
							{"keyboard": "{showname}"},
							{"title": "{showname}"},
							{"position": "{season}"},
							{"season": "{season}", "episode": "{episode}"}
                        ]
}

